country_name,iso3,fsi_2011_value,fsi_2013_value,fsi_2015_value,fsi_2018_value,fsi_2020_value,fsi_2022_value,fsi_2025_share,fsi_2025_value,fsi_2011_rank,fsi_2013_rank,fsi_2015_rank,fsi_2018_rank,fsi_2020_rank,fsi_2022_rank,fsi_2025_rank,fsi_2011_score,fsi_2013_score,fsi_2015_score,fsi_2018_score,fsi_2020_score,fsi_2022_score,fsi_2025_score
Aruba,ABW,124.9300921,113.3252,99.5278,148.0466,76.65347324,159.364604258608,0.00327513157448057440,116.7300153898933100,48,55,57,68,112,75,90.0000000000000000,74.2,70.6,67.71,75.975,73.275,70.925,67.3420172413793100
Angola,AGO,,,,,345.4517203,335.726662488047,0.00766329134116304500,273.1298257332055600,,,,,35,33,46.0000000000000000,,,,,79.725,79.45,75.1559999999999900
Anguilla,AIA,36.04731967,96.76443,89.38037,195.0371,192.9863302,199.868287614495,0.00233308665177083160,83.1542900105795900,66,61,63,56,62,58,103.0000000000000000,79.27,76.47,69.24,77.5,78.2,75.45,78.3780689655172400
Albania,ALB,,,,,,46.9009190392295,0.00138243601831948360,49.2718457332723300,,,,,,123,123.0000000000000000,,,,,,54.45,52.5586206896551700
Andorra,AND,133.6207578,43.37763,27.32231,35.05223,38.8370971,80.0128885228656,0.00241302371760572700,86.0033526246854500,46,74,87,105,123,114,99.0000000000000000,73.27,76.27,76.6,66.05,58.325,54.95,54.4486379310344900
Netherlands Antilles,ANT,129.3691558,,,,,,,,47,,,,,,,83.31,,,,,,
United Arab Emirates,ARE,439.5830274,419.0078,440.7632,661.1468,605.1966719,648.452012449766,0.01732172320902279600,617.3690951910476000,18,16,10,9,10,8,13.0000000000000000,79.07,79,77.44,83.85,77.925,79.225,78.8697068965517200
Argentina,ARG,,,,,109.3707018,82.2489146996438,0.00230176753592158900,82.0380353527313000,,,,,94,111,104.0000000000000000,,,,,54.975,49.125,50.5537586206896560
American Samoa,ASM,,,,,,30.0633560836334,0.00021490688752405065,7.6595653388536240,,,,,,135,139.0000000000000000,,,,,,69.3,69.0660000000000000
Antigua and Barbuda,ATG,88.46715871,60.47441,79.55601,54.5297,39.04950099,44.726376927443,0.00034608033601672456,12.3347603083026360,59,67,65,98,122,127,138.0000000000000000,81.53,80,80.96,86.875,76.075,76.975,80.3580862068965400
Australia,AUS,,168.1538,148.0734,244.3583,238.0740006,318.068723355769,0.01024473622761846300,365.1359312808560000,,44,44,44,48,37,29.0000000000000000,,47.4,43.47,51.15,50.0875,56.15,59.4926034482758600
Austria,AUT,453.4871247,400.8232,295.3141,310.4127,317.0012908,270.185906860013,0.00902859509309298700,321.7910548625840000,17,18,24,35,36,44,35.0000000000000000,65.87,63.73,53.71,55.9,56.5,54.625,59.6679999999999900
Belgium,BEL,467.1602626,199.2665,181.2279,212.9652,236.2087478,358.925657432149,0.01022506857721684000,364.4349502418183400,15,40,38,53,50,26,30.0000000000000000,59.13,45.07,40.89,44,45.05,52.525,53.3784999999999950
Bangladesh,BGD,,,,,228.7907315,232.42749691377,0.00732084065570094900,260.9244309650244400,,,,,54,52,50.0000000000000000,,,,,72.725,74.625,74.1054999999999900
Bulgaria,BGR,,,,91.38212,57.52600889,89.5195970426802,0.00225978822366867560,80.5418372141521200,,,,89,115,106,105.0000000000000000,,,,54.175,49.45,52.775,50.4505000000000000
Bahrain,BHR,660.3148226,461.1659,471.3962,490.7067,137.9927224,191.054723230585,0.00652653588209251000,232.6143596475740200,10,13,9,17,81,60,55.0000000000000000,77.8,72.3,73.67,77.8,62.4,68.2,69.0205689655172400
Bahamas,BHS,431.110463,226.8748,273.0835,429.0041,407.2798157,385.443037120639,0.01019371456427500800,363.3174518054951000,19,35,25,19,22,22,32.0000000000000000,82.87,79.93,79.02,84.5,75.375,75.475,75.3884310344827500
Belize,BLZ,198.3999755,129.8344,92.46147,86.29995,78.07163009,76.3965466696601,0.00221436753964508600,78.9229840400063100,41,52,60,90,110,115,108.0000000000000000,90.23,80.4,78.86,75.175,73.925,75.1,67.5347586206896400
Bermuda,BMU,539.8775265,432.3802,217.7114,281.8268,289.0693612,244.634676127082,0.00670719849387956300,239.0534137663770500,12,14,34,36,40,49,54.0000000000000000,85.33,79.87,66.27,73.05,72.725,70.125,71.3437068965517200
Bolivia,BOL,,,,94.82185,114.7429415,87.2225547873925,0.00351367314259955040,125.2319519638685100,,,,88,91,109,88.0000000000000000,,,,80.35,79.1,79.25,76.9149999999999900
Brazil,BRA,,283.9142,263.6772,137.9975,157.2123276,135.344597078661,0.00401705648594975700,143.1731992328747000,,29,26,73,73,83,80.0000000000000000,,52.4,51.84,49,51.675,49.15,49.9965000000000000
Barbados,BRB,266.5653179,317.4745,298.3258,230.953,192.8631042,176.944742731616,0.00863969862293005800,307.9302709780789700,31,26,22,48,63,63,37.0000000000000000,78.87,81,78.29,73.85,74,73.725,73.1577931034482800
Brunei,BRN,45.79904958,50.63406,47.41675,85.59808,34.61833041,28.3367424360271,0.00086883615554496360,30.9664682171262450,64,73,80,91,125,136,132.0000000000000000,84.13,84.13,82.78,84.05,78.3,73.3,71.5401206896551800
Botswana,BWA,121.2662673,98.99626,90.55827,39.44938,58.3732222,80.3532278185222,0.00103102623168658460,36.7471367654125900,50,60,62,103,113,113,131.0000000000000000,78.53,73.33,71.38,68.725,62.2445,56.8,55.9085000000000040
Canada,CAN,366.1569807,418.5234,251.7512,425.8399,438.3763735,348.703010135141,0.01420733048489543500,506.3680247454379400,24,17,29,21,19,28,18.0000000000000000,56.27,53.6,45.84,54.75,55.8375,51.15,58.0825000000000000
Switzerland,CHE,1879.215803,1765.25,1466.132,1589.574,1402.104341,1167.06805877781,0.03921579455461468000,1397.7027175200033000,1,1,1,1,3,2,2.0000000000000000,78.2,78.4,72.6,76.45,74.05,70.05,74.8669999999999900
Chile,CHL,,,166.6763,168.6416,135.1246845,161.135874986073,0.00604721495235089900,215.5307285832831200,,,42,60,82,73,59.0000000000000000,,,53.92,61.6,55.7875,59.775,65.7731551724138000
China,CHN,,,312.1978,372.5777,397.2478134,577.680381278876,0.01738264859448512000,619.5405564044128000,,,20,28,25,11,12.0000000000000000,,,54.29,60.075,59.85,66.45,69.7389655172413800
Cameroon,CMR,,,,,229.2318944,139.847121712536,0.00278159946337070040,99.1398790502872000,,,,,53,81,94.0000000000000000,,,,,71.475,70.25,64.6434999999999900
Cook Islands,COK,13.39634467,25.26854,17.80766,44.97323,12.08968373,38.9829277017679,0.000104641237222751710000,3.7295519137628874,71,78,91,100,133,131,140.0000000000000000,75.27,76.87,75.92,74.575,70.3,69.75,71.6020689655172500
Colombia,COL,,,,,92.25450441,88.2030750488736,0.00275841790102351500,98.3136575480326400,,,,,102,108,95.0000000000000000,,,,,56.475,54.325,54.3335000000000000
Costa Rica,CRI,177.2174434,157.6024,74.91603,168.778,132.2436273,91.2461682063749,0.00440898160142438900,157.1419280367839500,42,46,67,59,83,105,72.0000000000000000,76.6,71.27,54.58,68.65,62.325,55.8,64.1335000000000000
Curaï¿½ao,CUW,,106.41,67.8111,105.658,103.6047272,117.38350146156,0.00420553971675339050,149.8909905435747600,,58,70,84,96,90,76.0000000000000000,,76.83,67.74,74.8,74.85,76.05,78.1812586206896500
Cayman Islands,CYM,1646.67297,1233.567,1013.158,1267.682,1575.187467,516.439709453182,0.01398342516703681200,498.3877434635596000,2,4,5,3,1,14,19.0000000000000000,77.13,69.93,65.24,72.275,76.075,72.625,73.3139482758620700
Cyprus,CYP,406.5143262,198.9163,213.938,404.4424,383.3767089,510.050768266449,0.01447684371761054500,515.9738323556571000,20,41,35,24,27,15,17.0000000000000000,57.67,52.4,49.82,61.25,61.075,61.525,63.6515000000000000
Czechia,CZE,,,44.24571,145.1049,163.301549,114.22075002177,0.00304936509047694700,108.6833996882187600,,,81,70,67,92,92.0000000000000000,,,35.18,52.925,55.4,50,47.0475000000000000
Germany,DEU,669.7714873,738.3376,701.8712,768.9534,499.7193618,680.656109360453,0.02165284083138896000,771.7358481647575000,9,8,8,7,14,7,6.0000000000000000,57.13,59.47,56.36,59.1,51.725,56.7,59.1190000000000100
Dominica,DMA,12.45284756,26.94115,21.31418,62.02435,53.75459323,43.8971151015247,0.00079536624890850210,28.3479036992325430,72,77,89,96,118,128,133.0000000000000000,79.87,78.53,76.16,77.325,73.65,65.175,59.6131551724137900
Denmark,DNK,121.6806958,63.11788,38.20438,166.1187,103.5213067,139.920728650272,0.00225617515372866800,80.4130626290368000,49,66,83,61,97,80,106.0000000000000000,39.6,32.6,30.87,52.5,45.325,48.95,39.0315000000000000
Dominican Republic,DOM,,193.7889,,147.0888,86.68009359,125.936550498231,0.00424863414812824900,151.4269330006052600,,42,,69,107,84,74.0000000000000000,,73.1,,71.6,58.725,64.725,62.4160000000000000
Algeria,DZA,,,,,400.5574352,335.084734486588,0.00984794940820821500,350.9939249269248000,,,,,23,34,33.0000000000000000,,,,,79.625,79.075,76.7000000000000000
Ecuador,ECU,,,,,50.65986558,72.8240981066744,0.00117329101088974970,41.8176414117668300,,,,,120,116,128.0000000000000000,,,,,47.2125,52.225,44.7477241379310300
Egypt,EGY,,,,,241.9304224,211.380977536261,0.00798439217235935600,284.5742834946308000,,,,,46,56,41.0000000000000000,,,,,71.375,68.25,69.7745000000000000
Spain,ESP,98.79348649,111.3811,77.46602,213.8851,164.2963027,345.885712125912,0.00959134574442446600,341.8482314054880400,54,56,66,52,66,29,34.0000000000000000,33.93,35.6,32.69,47.7,43.95,56.575,54.6085000000000100
Estonia,EST,,,52.93182,79.46701,46.03418673,46.8513248291558,0.00184527634740998060,65.7680864213630200,,,77,93,121,125,115.0000000000000000,,,44.24,50.85,43.05,44.2,46.0785000000000050
Finland,FIN,,,19.43176,142.2335,119.3438966,118.958377851446,0.00319334794815733740,113.8151389208871000,,,90,71,87,88,91.0000000000000000,,,31.38,52.7,52.125,51.8,49.7495000000000000
Fiji,FJI,,,,,,57.8165245316051,0.00200543044014989500,71.4761898319106000,,,,,,121,113.0000000000000000,,,,,,70.3,77.3805000000000000
France,FRA,312.3447133,190.9599,241.9387,404.1754,350.5328628,342.947734941308,0.01277529873330661600,455.3285215681374000,30,43,31,25,33,30,21.0000000000000000,53.85,40.97,42.54,51.65,49.9,47.875,51.7304999999999900
United Kingdom,GBR,516.4732436,361.325,380.2413,423.76,534.6489772,546.906403786103,0.01363518896097982600,485.9761450993636000,13,21,15,23,12,13,20.0000000000000000,44.53,39.87,40.84,42.35,46.2,47.175,44.8160000000000000
Guernsey,GGY,402.3383479,419.3564,339.3795,658.9188,564.5566629,610.370358389219,0.01873012035812520600,667.5662299171173000,21,15,17,10,11,10,9.0000000000000000,65.4,67.4,63.56,72.45,70.65,70.65,75.4149999999999900
Ghana,GHA,146.8078402,109.9242,139.184,68.85175,54.46927623,166.974162606216,0.00362783050114173600,129.3006710111673400,45,57,48,95,117,70,84.0000000000000000,79,66.33,67.11,61.75,51.7,52.675,47.1372758620689600
Gibraltar,GIB,174.6427276,147.8179,109.3385,107.4421,359.894185,109.672786965682,0.00269673886006863300,96.1153350574196800,44,49,55,83,30,96,96.0000000000000000,78.4,78.6,67.09,70.825,69.475,66.775,69.2115000000000000
Gambia,GMB,,,,34.51403,37.71817321,20.9445083691393,0.00167901559864892520,59.8423337240256150,,,,106,124,138,117.0000000000000000,,,,76.625,74.875,72.725,70.3445000000000100
Greece,GRC,,,37.23742,118.5833,91.6458191,103.197623112826,0.00390216340635028500,139.0782581152905700,,,85,80,103,99,81.0000000000000000,,,36.4,57.875,51.475,52.825,49.1355000000000000
Grenada,GRD,57.60750966,55.7658,42.17658,44.60537,34.5581084,35.8128087724807,0.00162586449997216180,57.9479583606442800,62,70,82,101,126,132,119.0000000000000000,82.67,78.13,75.89,77.075,70.55,65.9,64.5860344827586000
Guatemala,GTM,174.8035251,142.4216,177.1868,123.6272,162.1515523,265.185704271828,0.00772947578297694840,275.4887266615549000,43,51,39,78,69,45,44.0000000000000000,80.53,77.2,75.69,73.1,73.5,74.75,77.5585000000000100
Guam,GUM,,,,,,31.8871036558588,0.00115602256746638270,41.2021712785130800,,,,,,134,129.0000000000000000,,,,,,70.3,70.0660000000000000
Hong Kong,HKG,1370.740769,1283.445,1259.422,1243.678,1035.294758,926.77899139798,0.03117986017923528300,1111.2914018283645000,4,3,2,4,4,4,4.0000000000000000,73.27,71.73,72,71.05,66.375,64.95,69.6160172413793100
Croatia,HRV,,,,119.3637,112.3301275,101.912386926766,0.00223305872975867800,79.5891627445858300,,,,79,93,100,107.0000000000000000,,,,59.275,55.075,53.125,48.7555000000000000
Hungary,HUN,94.79689408,54.65056,37.31525,132.7332,151.5159647,155.985361320584,0.00455463297730629100,162.3331354620764800,57,72,84,74,75,76,69.0000000000000000,47.47,40.47,35.93,54.7,53.8,55.2,54.2965000000000000
Indonesia,IDN,,,,188.7874,143.8350776,170.240689326121,0.00755326779561955100,269.2084412414758000,,,,57,79,66,49.0000000000000000,,,,61.45,51.075,55.8,57.7315000000000040
Isle of Man,IMN,230.4174787,237.258,228.5974,248.6847,258.344155,189.533907585028,0.00472087037849818450,168.2580560212095000,37,34,32,42,43,61,67.0000000000000000,64.93,67.07,63.8,63.575,64.675,65,68.0855000000000000
India,IND,344.0421554,254.5711,148.0025,316.6198,238.6822839,318.366687317518,0.01138511624525854300,405.7805814215348000,25,32,45,32,47,36,24.0000000000000000,52.8,45.97,39.19,51.9,47.8375,54.725,56.1991551724137960
Ireland,IRL,264.2156913,155.5173,187.4491,387.941,363.7959507,357.174772650659,0.01683750659275637400,600.1109753923687000,32,47,37,26,29,27,14.0000000000000000,44,37.37,40.37,50.65,48.15,47.2,57.1015000000000000
Iceland,ISL,,,67.11217,139.6926,129.3088059,45.848661724847,0.00161200657135044180,57.4540434798224400,,,71,72,84,126,120.0000000000000000,,,45.6,59.9,57.375,42.45,44.4869655172413800
Israel,ISR,230.2969209,205.9219,173.7764,313.5544,291.4915508,335.856649395178,0.01131173447107611600,403.1651580607158000,38,38,40,34,38,32,25.0000000000000000,58.27,57.27,52.76,63.25,58.675,59.3,63.4671206896551750
Italy,ITA,231.1939797,118.9649,98.65669,254.1414,287.7961653,393.350377781294,0.01093509462570193200,389.7412164732856000,36,54,58,41,41,21,26.0000000000000000,48.67,39.33,35,49.475,50.375,54.85,54.3710000000000000
Jersey,JEY,750.1455758,591.7031,354.0404,438.2174,466.8129505,458.502664879157,0.01192961094258750500,425.1870916497552500,7,9,16,18,16,19,23.0000000000000000,78.47,75.4,64.93,65.45,65.525,63.45,63.8230000000000000
Jordan,JOR,,,,,260.3940199,170.42080332232,0.00639602400609452350,227.9627439956974800,,,,,42,65,56.0000000000000000,,,,,78.3,71.925,75.6860000000000000
Japan,JPN,693.6381377,513.1047,418.3741,623.9166,695.5945925,764.994509813845,0.01852448946500590700,660.2372732713800000,8,10,12,13,7,6,10.0000000000000000,64.2,60.83,57.52,60.5,62.85,63.125,62.8250000000000000
Kazakhstan,KAZ,,,,,82.30435033,146.852451402802,0.00882919379804858100,314.6841293208247500,,,,,108,78,36.0000000000000000,,,,,64.475,62.9,66.9452931034482800
Kenya,KEN,,,,378.3477,398.1913655,281.572610479911,0.00772045347609588000,275.1671597268749000,,,,27,24,41,45.0000000000000000,,,,80.05,75.9545,66.7,64.2250517241379300
St. Kitts and Nevis,KNA,31.16919967,18.45872,68.42789,152.5491,162.2543025,168.320986983207,0.00363730703946836460,129.6384273545550600,67,80,69,63,68,68,83.0000000000000000,81.4,79.57,78.03,76.65,75.175,77.225,78.0981724137931000
South Korea,KOR,317.1874912,328.7934,124.2812,314.0573,411.058924,498.628333783005,0.01882793920620808000,671.0526228703367000,28,24,49,33,21,16,8.0000000000000000,53.73,53.57,44.14,59.025,61.575,63.8,68.9585000000000000
Kuwait,KWT,,,,,369.1707737,334.388742381677,0.00759289450186535600,270.6207893944373000,,,,,28,35,47.0000000000000000,,,,,70.575,74.575,71.1940000000000000
Lebanon,LBN,397.3275649,747.8594,760.211,644.4132,385.5245651,149.046428743194,0.00458410797038664800,163.3836631485658000,22,7,7,11,26,77,68.0000000000000000,82.2,78.87,78.76,72.025,63.975,64.6,62.9559827586206900
Liberia,LBR,316.8840234,300.8851,218.2189,277.2883,77.58983749,286.164216330279,0.00176542944632331700,62.9222373979815050,29,27,33,38,111,40,116.0000000000000000,81,83.23,82.89,79.7,78.2405,73.25,70.3360000000000000
St. Lucia,LCA,78.7209814,66.89086,51.67438,21.52323,12.25216126,32.5936701981612,0.00144180388682687930,51.3877949850615540,60,65,79,110,132,133,121.0000000000000000,88.6,84.4,82.96,78.275,71.025,72.225,71.1207241379310300
Liechtenstein,LIE,239.214042,240.963,202.3737,240.8588,229.6776321,217.465241935676,0.00629169755341722200,224.2444114189289600,35,33,36,46,52,54,58.0000000000000000,81,79.27,76.04,78.275,74.975,72.175,74.0755000000000000
Sri Lanka,LKA,,,,,290.6386989,241.131858731254,0.00561360392677548900,200.0762588810475800,,,,,39,50,60.0000000000000000,,,,,72.175,75.75,76.4765000000000000
Lithuania,LTU,,,,58.74935,89.82748835,96.6036985329499,0.00519893719732707600,185.2969889160335400,,,,97,105,103,62.0000000000000000,,,,46.775,50.3,50.95,52.5400000000000000
Luxembourg,LUX,1621.157151,1454.483,816.9902,975.9181,849.3599776,803.665284815707,0.02291828547454737400,816.8379667550212000,3,2,6,6,6,5,5.0000000000000000,68.33,66.53,55.11,58.2,55.45,54.975,55.5400000000000000
Latvia,LVA,88.8864986,128.1165,92.78296,195.6474,182.8323824,112.707140386812,0.00236336033439251700,84.2332840472996300,58,53,59,55,65,95,100.0000000000000000,45,51,44.67,57.375,59.125,55.275,50.8399999999999960
Macao,MAC,389.7947257,360.4904,420.1752,424.9164,356.5284554,341.316487827463,0.01084251936363446300,386.4417118518345000,23,22,11,22,31,31,27.0000000000000000,83.33,70.53,69.84,68.25,65,63.1,66.3242068965517100
Morocco,MAR,,,,,157.4906161,146.481576141836,0.00518671273782935600,184.8612930324175400,,,,,72,79,63.0000000000000000,,,,,67.75,65.975,68.9305000000000000
Monaco,MCO,37.73045046,38.84132,53.66951,82.93153,79.8978613,66.1207661704564,0.00129030463863902460,45.9881616664122900,65,75,76,92,109,118,126.0000000000000000,74.53,74.93,74.36,77.5,70.3,73.55,72.6769310344827500
Maldives,MDV,78.45620857,21.05039,,74.87318,155.3867357,117.277751896864,0.00052052464908316810,18.5521860470395050,61,79,,94,74,91,135.0000000000000000,91.54,79.47,,81.075,79.825,75.2,65.5098448275862000
Mexico,MEX,,,117.0899,107.5703,139.8054232,139.294339003354,0.00414353142175811400,147.6809330040551000,,,52,82,80,82,78.0000000000000000,,,45.02,54.375,52.75,53.075,52.8449137931034600
Marshall Islands,MHL,457.0060042,329.6054,405.5528,275.2864,236.4328673,236.316279783906,0.00501559954331307900,178.7625927588364000,16,23,14,39,49,51,64.0000000000000000,90.38,81.63,79.48,72.925,70.1,71.25,65.3194310344827600
North Macedonia,MKD,,,59.5387,39.76486,54.85502758,46.8750516044697,0.00118608489330570290,42.2736322803314200,,,74,102,116,124,127.0000000000000000,,,66.4,60.675,64.05,61.95,59.5450000000000000
Malta,MLT,98.63070036,78.0526,260.9326,426.3097,442.1984597,309.347910756495,0.00776754014824807950,276.8453909185047300,55,64,27,20,18,38,43.0000000000000000,47.73,43.87,49.53,60.525,61.75,54.55,64.1835000000000100
Montenegro,MNE,,,,52.64225,53.6489963,61.4396784389491,0.00212029596940246140,75.5701490187401500,,,,99,119,119,111.0000000000000000,,,,63.15,60.025,60.675,56.9245000000000000
Montserrat,MSR,50.1146765,0,10.86544,16.53285,15.43065113,5.00878551453167,0.000065086754572563080000,2.3197779051482685,63,82,92,112,130,141,141.0000000000000000,85.62,74.47,67.36,77.5,74.6,73.75,70.7014827586206800
Mauritius,MUS,261.5523825,397.8627,297.0404,223.4719,235.8193779,216.391317057951,0.00708466484241868600,252.5068130183221300,33,19,23,49,51,55,51.0000000000000000,73.93,80,72.22,72.35,71.525,70.125,72.0671551724137900
Malaysia,MYS,319.2789828,471.6878,338.7408,335.1089,352.6920303,296.349074069591,0.01022437019901090800,364.4100591200810000,27,12,18,31,32,39,31.0000000000000000,77.13,79.53,75.33,71.925,69.525,65.75,72.6897068965517100
Nigeria,NGA,,,,,348.5348452,271.150570931954,0.00790568632783987200,281.7691032345091500,,,,,34,42,42.0000000000000000,,,,,70.15,64.775,63.0362758620689600
Netherlands,NLD,199.6975153,204.929,168.3756,598.8086,682.2018149,555.669680707264,0.02006476616250630500,715.1347693002016000,40,39,41,14,8,12,7.0000000000000000,49,50.13,48.49,66.025,67.4,64.625,62.4105000000000000
Norway,NOR,,142.7945,110.6715,242.8484,157.878571,252.205041166651,0.00696279635610713800,248.1632591918026000,,50,53,45,71,48,52.0000000000000000,,42.33,38.49,51.575,44.3,53.3,54.6200000000000050
Nauru,NRU,0,0,,26.32038,13.7947611,13.2818006711624,0.00059053146221746510,21.0473213381643840,73,81,,108,131,139,134.0000000000000000,93.31,78.93,,66.65,59.95,59.075,53.3325172413793100
New Zealand,NZL,,151.4267,109.3944,178.5624,218.9967078,230.333097632574,0.00690962579692224500,246.2681902302064100,,48,54,58,57,53,53.0000000000000000,,51.97,46.48,56.225,59.2,62.95,65.9085000000000000
Oman,OMN,,,,,,256.034257570803,0.00327598671033508570,116.7604935612850700,,,,,,47,89.0000000000000000,,,,,,73.5,72.3681724137931000
Pakistan,PAK,,,,,97.92124943,159.398625639835,0.00452913237077732300,161.4242601619902200,,,,,100,74,70.0000000000000000,,,,,55.05,66.35,65.8611379310344900
Panama,PAN,471.5422459,489.6098,415.663,625.8401,479.5058892,474.486299438013,0.01662992077931147000,592.7123428040000000,14,11,13,12,15,18,15.0000000000000000,76.73,73.4,72.36,76.625,71.875,72.725,78.3971724137931000
Peru,PER,,,,,96.17585569,89.2483065198021,0.00256577044306969500,91.4474476812306400,,,,,101,107,98.0000000000000000,,,,,57,54.075,54.0806724137931000
Philippines,PHL,253.9256398,206.6698,146.057,269.8108,201.176951,162.385202412035,0.00484784707039904200,172.7836730422892000,34,37,46,40,60,72,65.0000000000000000,73.47,66.83,63.06,65.375,62.845,67.1,61.1130000000000000
Poland,POL,,,57.22033,215.3974,212.0988403,122.228088730408,0.00442840954736715200,157.8343656922856200,,,75,51,59,86,71.0000000000000000,,,36.29,57.35,55.55,46.05,48.2600000000000050
Puerto Rico,PRI,,,,151.0607,150.5337915,176.451086896862,0.00280225501889903860,99.8760703329510400,,,,65,77,64,93.0000000000000000,,,,77.2,73.138,78.3,75.6910000000000000
Portugal,PRT,119.3885608,57.91351,52.50964,151.6261,151.1777761,200.801723153243,0.00385894667920075500,137.5379568753119800,51,69,78,64,76,57,82.0000000000000000,50.53,39.07,39.4,54.675,54.025,56.875,54.0669999999999900
Paraguay,PRY,,,,158.5205,117.590868,71.9151192061113,0.00131453468779885100,46.8517526236009300,,,,62,88,117,125.0000000000000000,,,,84.325,77.45,66.225,58.9914999999999950
Qatar,QAT,,,,,433.0474125,412.34492702195,0.00851319605095292700,303.4215522173392400,,,,,20,20,39.0000000000000000,,,,,77,73.575,70.1935862068965400
Romania,ROU,,,,232.3018,224.1335423,177.748534679776,0.00414876569918737000,147.8674895655174700,,,,47,56,62,77.0000000000000000,,,,65.525,62.625,59.375,55.6878448275862040
Russia,RUS,,325.2539,243.261,361.1588,256.3531286,270.375936198414,0.01066413129169238200,380.0837253375140700,,25,30,29,44,43,28.0000000000000000,,60.47,53.56,63.975,57.05,59.6,69.6878103448275800
Rwanda,RWA,,,,,100.4708934,106.120936749837,0.00165930060303857380,59.1396652392112300,,,,,99,98,118.0000000000000000,,,,,63,72.125,56.4289999999999950
Saudi Arabia,SAU,,274.2,163.8641,278.5754,245.4746014,359.792528499902,0.01265048292581708600,450.8799213217593000,,31,43,37,45,25,22.0000000000000000,,74.9,61.08,69.875,66.675,68.95,70.7058103448275800
Singapore,SGP,1117.958613,1216.86,1147.122,1081.982,1022.119345,1166.69663609186,0.03444708096956204000,1227.7394664217718000,6,5,4,5,5,3,3.0000000000000000,70.8,70.33,68.96,67.125,64.975,67.25,67.8115000000000000
El Salvador,SLV,,,,,123.1214685,107.257203854057,0.00353793602081472200,126.0967129919531000,,,,,85,97,87.0000000000000000,,,,,64.1,60.5,64.5415000000000000
San Marino,SMR,30.86461955,59.53545,33.271,24.31495,20.81989966,11.8536802936954,0.00110301819064063490,39.3130252757047740,68,68,86,109,129,140,130.0000000000000000,78.73,80.13,69.56,64,60.45,60.35,61.1615000000000040
Slovakia,SVK,,,60.13406,127.8874,91.29390449,101.824742051979,0.00234577827163678800,83.6066361067851200,,,73,76,104,101,102.0000000000000000,,,50.11,54.9,50.925,53.175,47.4274999999999950
Serbia,SRB,,,,,,84.2038470127201,0.00408094692740598300,145.4503389583635000,,,,,,110,79.0000000000000000,,,,,,54.375,65.5055000000000000
Slovenia,SVN,,,22.46907,35.32386,27.48119603,24.6160338441203,0.00039259354283002320,13.9925524377717370,,,88,104,128,137,137.0000000000000000,,,33.96,41.825,37.55,35.875,29.1420000000000030
Sweden,SWE,,55.71366,100.8714,203.5453,182.8646578,168.468151384464,0.00484058140169404800,172.5247150125232200,,71,56,54,64,67,66.0000000000000000,,32.4,36.02,45.475,45.65,44.625,44.3855000000000000
Seychelles,SYC,95.01644304,293.483,60.84057,125.2617,108.5323325,117.530984659967,0.00353879779713619200,126.1274278383585400,56,28,72,77,95,89,86.0000000000000000,87.93,85.23,71.17,75.2,70.4375,72.175,71.9180344827586100
Turks and Caicos Islands,TCA,218.8583265,81.81755,72.46152,98.07825,114.3223679,59.3287955131851,0.00209217845178507700,74.5680035508215300,39,63,68,87,92,120,112.0000000000000000,90.4,78.27,71.27,76.775,77.825,75.65,76.9936034482758600
Thailand,THA,,,,550.5987,448.8582185,379.867003359114,0.00860164444842769100,306.5739699335887000,,,,15,17,23,38.0000000000000000,,,,79.875,73.25,69.825,65.5594137931034600
Trinidad and Tobago,TTO,,,,27.86072,29.63358834,39.1345848269848,0.00043602202839078500,15.5404010272353460,,,,107,127,130,136.0000000000000000,,,,65.25,64.6535,68.95,61.5015000000000000
Tunisia,TUN,,,,,147.4830832,100.933588655745,0.00217460723750577660,77.5058743529353400,,,,,78,102,110.0000000000000000,,,,,66.475,59.575,52.3380000000000000
Turkey,TUR,,,320.9027,353.8883,225.7219655,199.631227605723,0.00634251628016055200,226.0556579658053200,,,19,30,55,59,57.0000000000000000,,,64.07,67.975,59.5,61.125,61.9013620689655100
Taiwan,TWN,,,,743.3792,507.5742216,481.920335551224,0.01794164723129990000,639.4640061939583000,,,,8,13,17,11.0000000000000000,,,,75.75,65.5,60.125,68.6858448275862100
Tanzania,TZA,,,,128.9168,100.6186769,113.187010051459,0.00354809001327800220,126.4586146956107600,,,,75,98,93,85.0000000000000000,,,,73.4,70.775,68.85,67.5380000000000000
Ukraine,UKR,,,,246.2471,160.4497581,125.426280402455,0.00424681530640925600,151.3621070792578000,,,,43,70,85,75.0000000000000000,,,,69.15,64.9,58.875,58.7147758620689600
Uruguay,URY,331.0032555,277.4804,255.5827,148.2012,115.470052,162.736378887982,0.00550948024092550400,196.3651531818364600,26,30,28,67,90,71,61.0000000000000000,78.13,72.23,70.86,60.825,57,57.975,63.3646551724137900
United States,USA,1160.059104,1212.971,1254.755,1298.47,1486.957077,1950.78060750601,0.05662174431428257400,2018.0737582297130000,5,6,3,2,2,1,1.00000000000000000000,58.07,58.4,60,59.825,62.888,67.425,68.5660000000000000
St. Vincent & Grenadines,VCT,100.9028576,85.14934,79.65414,21.37537,57.72270926,52.6631585467788,0.00133811562061703450,47.6922082169647300,53,62,64,111,114,122,124.0000000000000000,78.13,78.07,77.98,69.95,65.65,66.5,64.9486034482758600
Venezuela,VEN,,,,105.0341,196.9988394,168.099676122028,0.00426946943917219000,152.1695302944553000,,,,85,61,69,73.0000000000000000,,,,68.525,69.025,71.925,70.7895000000000000
British Virgin Islands,VGB,617.8850568,385.4457,307.6909,502.7578,619.1401487,620.8089964276,0.01579189352817633000,562.8439446350901000,11,20,21,16,9,9,16.0000000000000000,81.4,66,60.2,68.65,71.3,70.65,71.5234655172413800
US Virgin Islands,VIR,104.24046,102.8635,118.2316,101.8939,117.0346512,119.568374548601,0.00221019639692800930,78.7743190039657200,52,59,50,86,89,87,109.0000000000000000,68.07,69.4,69.33,73.075,73.888,71.925,70.1910000000000000
Vietnam,VNM,,,,,299.2994469,375.209214085042,0.00808004806943406400,287.9835860169074500,,,,,37,24,40.0000000000000000,,,,,74.325,80.875,75.4275000000000000
Vanuatu,VUT,14.32583422,164.9674,142.8499,149.2654,88.59109729,80.6022425894997,0.00143330071829884000,51.0847308270060800,70,45,47,66,106,112,122.0000000000000000,88,86.67,86.64,88.575,76.3,76,76.5296551724137800
Samoa,WSM,27.50107447,31.03195,117.5075,115.901,120.859974,93.3386454306419,0.00261341748734703840,93.1456512755883200,69,76,51,81,86,104,97.0000000000000000,84.67,87.6,85.89,77.6,74.625,73.025,74.3642758620689600
,XKX,,,,,,40.8634452712237,,,,,,,,129,,,,,,,68.9,
Kosovo,XXK,,,,,,,0.00199341413322437100,71.0479127809134800,,,,,,,114.0000000000000000,,,,,,,64.3915000000000000
South Africa,ZAF,,209.7911,90.88525,216.4384,218.5853163,261.086804265287,0.00757430539408700700,269.9582490391249500,,36,61,50,58,46,48.0000000000000000,,53.43,41.57,56.1,56.2375,60.05,61.5415000000000000
Namibia,NAM,,,,,,113.074508145991,0.00235059823016081000,83.7784257951969400,,,,,,94,101.0000000000000000,,,,,,71.3,61.7960000000000100
